"version","direction","valid","invalid_reason","result","damaging_hits","bullets","hit_rate","arrival_lock","arrival_final_error_deg","retained_bias_deg","centered_from_drive","drive_samples","drive_mean_target_error_deg","drive_final_target_error_deg","log_file"
"v4","positive","True","valid","PARTIAL","24","30","0.8",,,,,"0","999","999","logs/drive_aim_v4_positive_ab_20260902_tongji_tongji_outpost_converged_oneface16_30_r1_20260902_144933.log"
"v4","positive","True","valid","PARTIAL","26","30","0.867",,,,,"0","999","999","logs/drive_aim_v4_positive_ab_20260902_tongji_tongji_outpost_converged_oneface16_30_r2_20260902_145122.log"
"v4","positive","True","valid","PARTIAL","27","30","0.9",,,,,"0","999","999","logs/drive_aim_v4_positive_ab_20260902_tongji_tongji_outpost_converged_oneface16_driveaim_30_r1_20260902_145027.log"
"v4","positive","True","valid","PARTIAL","22","30","0.733",,,,,"0","999","999","logs/drive_aim_v4_positive_ab_20260902_tongji_tongji_outpost_converged_oneface16_driveaim_30_r2_20260902_145216.log"
"v4b","positive","True","valid","PARTIAL","25","30","0.833",,,,,"21","38.8","66.7","logs/drive_aim_v4b_positive_ab_20260902_tongji_tongji_outpost_converged_oneface16_30_r1_20260902_145518.log"
"v4b","positive","True","valid","PARTIAL","27","30","0.9",,,,,"21","38.6","67","logs/drive_aim_v4b_positive_ab_20260902_tongji_tongji_outpost_converged_oneface16_30_r2_20260902_145706.log"
"v4b","positive","True","valid","PARTIAL","27","30","0.9",,,,,"21","28.5","25.2","logs/drive_aim_v4b_positive_ab_20260902_tongji_tongji_outpost_converged_oneface16_driveaim_30_r1_20260902_145611.log"
"v4b","positive","False","turret did not settle at outpost bootstrap pose target=(-81.5,10.0) actual=(-136.6,10.0)",,,,,,,,,"21","25.6","55.1","logs/drive_aim_v4b_positive_ab_20260902_tongji_tongji_outpost_converged_oneface16_driveaim_30_r2_20260902_145800.log"
"v4c","positive","False","turret did not settle at outpost bootstrap pose target=(-82.5,10.0) actual=(-137.6,10.0)",,,,,"false","55.1",,,"24","17.6","55.1","logs/drive_aim_v4c_positive_startup_20260902_tongji_tongji_outpost_converged_oneface16_driveaim_30_r1_20260902_150247.log"
"v4c","positive","True","valid","PARTIAL","25","30","0.833","true","0",,,"20","25","0","logs/drive_aim_v4c_positive_startup_20260902_tongji_tongji_outpost_converged_oneface16_driveaim_30_r2_20260902_150351.log"
"v4c","positive","True","valid","PARTIAL","25","30","0.833","true","0",,,"20","5.4","0","logs/drive_aim_v4c_positive_startup_20260902_tongji_tongji_outpost_converged_oneface16_driveaim_30_r3_20260902_150445.log"
"v4c","positive","True","valid","PARTIAL","19","30","0.633","true","0.2",,,"24","22","0.2","logs/drive_aim_v4c_rel30_positive_20260902_tongji_tongji_outpost_converged_oneface16_driveaim_rel30_30_r1_20260902_150704.log"
"v4c","positive","True","valid","PARTIAL","24","30","0.8","true","0.3",,,"24","36.8","0.3","logs/drive_aim_v4c_rel30_positive_20260902_tongji_tongji_outpost_converged_oneface16_driveaim_rel30_30_r2_20260902_150801.log"
"v4c","positive","False","turret did not settle at outpost bootstrap pose target=(-81.8,10.0) actual=(-136.9,10.0)",,,,,"false","55.1",,,"20","36.8","55.1","logs/drive_aim_v4c_rel30_positive_20260902_tongji_tongji_outpost_converged_oneface16_driveaim_rel30_30_r3_20260902_150858.log"
"v4d","positive","False","turret did not settle at outpost bootstrap pose target=(-81.8,10.0) actual=(-136.9,10.0)",,,,,"false","55.1",,,"20","36.8","55.1","logs/drive_aim_v4d_rel30_positive_20260902_tongji_tongji_outpost_converged_oneface16_driveaim_rel30_30_r1_20260902_151320.log"
"v4d","positive","True","valid","PARTIAL","24","30","0.8","true","0.3",,,"24","36.4","0.3","logs/drive_aim_v4d_rel30_positive_20260902_tongji_tongji_outpost_converged_oneface16_driveaim_rel30_30_r2_20260902_151421.log"
"v4d","positive","False","turret did not settle at outpost bootstrap pose target=(-81.5,10.0) actual=(-136.6,10.0)",,,,,"false","55.1",,,"21","17.2","55.1","logs/drive_aim_v4d_rel30_positive_20260902_tongji_tongji_outpost_converged_oneface16_driveaim_rel30_30_r3_20260902_151519.log"
"v4d","positive","False","turret did not settle at outpost bootstrap pose target=(-81.8,10.0) actual=(-136.9,10.0)",,,,,"false","55",,,"20","36.1","55","logs/drive_aim_v4d_rel30_positive_20260902_tongji_tongji_outpost_converged_oneface16_driveaim_rel30_30_r4_20260902_151621.log"
"v4e","positive","True","valid","PARTIAL","21","30","0.7","true","0.3",,,"24","17.9","0.3","logs/drive_aim_v4e_rel30_pitch0_positive_20260902_tongji_tongji_outpost_converged_oneface16_driveaim_rel30_pitch0_30_r1_20260902_151926.log"
"v4e","positive","False","turret did not settle at outpost bootstrap pose target=(-81.6,10.0) actual=(-136.7,10.0)",,,,,"false","55.1",,,"20","16.4","55.1","logs/drive_aim_v4e_rel30_pitch0_positive_20260902_tongji_tongji_outpost_converged_oneface16_driveaim_rel30_pitch0_30_r2_20260902_152024.log"
"v4e","positive","False","turret did not settle at outpost bootstrap pose target=(-81.5,10.0) actual=(-136.6,10.0)",,,,,"false","55.1",,,"21","27.2","55.1","logs/drive_aim_v4e_rel30_pitch0_positive_20260902_tongji_tongji_outpost_converged_oneface16_driveaim_rel30_pitch0_30_r3_20260902_152126.log"
"v4e","positive","True","valid","PARTIAL","26","30","0.867","true","0.3",,,"24","25.9","0.3","logs/drive_aim_v4e_rel30_pitch0_positive_20260902_tongji_tongji_outpost_converged_oneface16_driveaim_rel30_pitch0_30_r4_20260902_152228.log"
"v4e","positive","False","turret did not settle at outpost bootstrap pose target=(-81.5,10.0) actual=(-136.6,10.0)",,,,,"false","55.1",,,"20","16.7","55.1","logs/drive_aim_v4e_rel30_pitch0_positive_20260902_tongji_tongji_outpost_converged_oneface16_driveaim_rel30_pitch0_30_r5_20260902_152325.log"
"v4f","positive","True","valid","PARTIAL","22","30","0.733","true","0",,,"24","25.5","0","logs/drive_aim_v4f_twostage_positive_20260902_tongji_tongji_outpost_converged_oneface16_driveaim_rel30_pitch0_30_r1_20260902_152554.log"
"v4f","positive","False","turret did not settle at outpost bootstrap pose target=(-81.5,10.0) actual=(-136.6,10.0)",,,,,"false","55.1",,,"20","17","55.1","logs/drive_aim_v4f_twostage_positive_20260902_tongji_tongji_outpost_converged_oneface16_driveaim_rel30_pitch0_30_r2_20260902_152652.log"
"v4f","positive","False","turret did not settle at outpost bootstrap pose target=(-81.5,10.0) actual=(-136.6,10.0)",,,,,"false","55.1",,,"20","27.5","55.1","logs/drive_aim_v4f_twostage_positive_20260902_tongji_tongji_outpost_converged_oneface16_driveaim_rel30_pitch0_30_r3_20260902_152756.log"
"v4f","positive","False","turret did not settle at outpost bootstrap pose target=(-81.7,10.0) actual=(-136.8,10.0)",,,,,"false","55.1",,,"20","29","55.1","logs/drive_aim_v4f_twostage_positive_20260902_tongji_tongji_outpost_converged_oneface16_driveaim_rel30_pitch0_30_r4_20260902_152900.log"
"v4f","positive","False","turret did not settle at outpost bootstrap pose target=(-81.8,10.0) actual=(-136.9,10.0)",,,,,"false","55",,,"20","26.5","55","logs/drive_aim_v4f_twostage_positive_20260902_tongji_tongji_outpost_converged_oneface16_driveaim_rel30_pitch0_30_r5_20260902_153003.log"
"v4g","positive","False","startup takeover gate never passed",,,,,"false","2.1",,,"24","20.4","2.1","logs/drive_aim_v4g_native_ai_off_positive_20260902_tongji_tongji_outpost_converged_oneface16_driveaim_rel30_pitch0_30_r1_20260902_153239.log"
"v4g","positive","False","startup takeover gate never passed",,,,,"false","6",,,"24","17.5","6","logs/drive_aim_v4g_native_ai_off_positive_20260902_tongji_tongji_outpost_converged_oneface16_driveaim_rel30_pitch0_30_r2_20260902_153347.log"
"v4g","positive","False","startup takeover gate never passed",,,,,"false","8.3",,,"21","19.2","8.3","logs/drive_aim_v4g_native_ai_off_positive_20260902_tongji_tongji_outpost_converged_oneface16_driveaim_rel30_pitch0_30_r3_20260902_153455.log"
"v4g","positive","False","startup takeover gate never passed",,,,,"false","3",,,"20","29.8","3","logs/drive_aim_v4g_native_ai_off_positive_20260902_tongji_tongji_outpost_converged_oneface16_driveaim_rel30_pitch0_30_r4_20260902_153601.log"
"v4g","positive","False","startup takeover gate never passed",,,,,"false","7.3",,,"24","24.9","7.3","logs/drive_aim_v4g_native_ai_off_positive_20260902_tongji_tongji_outpost_converged_oneface16_driveaim_rel30_pitch0_30_r5_20260902_153707.log"
"v4h","positive","False","startup takeover gate never passed",,,,,"false","8.1",,,"21","19.6","8.1","logs/drive_aim_v4h_ai_window_positive_20260902_tongji_tongji_outpost_converged_oneface16_driveaim_rel30_pitch0_30_r1_20260902_153945.log"
"v4h","positive","False","startup takeover gate never passed",,,,,"false","6.6",,,"24","20.1","6.6","logs/drive_aim_v4h_ai_window_positive_20260902_tongji_tongji_outpost_converged_oneface16_driveaim_rel30_pitch0_30_r2_20260902_154052.log"
"v4h","positive","False","startup takeover gate never passed",,,,,"false","8",,,"21","28.7","8","logs/drive_aim_v4h_ai_window_positive_20260902_tongji_tongji_outpost_converged_oneface16_driveaim_rel30_pitch0_30_r3_20260902_154158.log"
"v4h","positive","False","startup takeover gate never passed",,,,,"false","8",,,"21","29.4","8","logs/drive_aim_v4h_ai_window_positive_20260902_tongji_tongji_outpost_converged_oneface16_driveaim_rel30_pitch0_30_r4_20260902_154304.log"
"v4h","positive","False","startup takeover gate never passed",,,,,"false","7.6",,,"25","24.3","7.6","logs/drive_aim_v4h_ai_window_positive_20260902_tongji_tongji_outpost_converged_oneface16_driveaim_rel30_pitch0_30_r5_20260902_154410.log"
"v4i","positive","False","startup takeover gate never passed",,,,,"false","4.9",,,"25","31","4.9","logs/drive_aim_v4i_ai_window10_positive_20260902_tongji_tongji_outpost_converged_oneface16_driveaim_rel30_pitch0_30_r1_20260902_154651.log"
"v4i","positive","True","valid","PARTIAL","23","30","0.767","true","0.2",,,"24","25.3","0.2","logs/drive_aim_v4i_ai_window10_positive_20260902_tongji_tongji_outpost_converged_oneface16_driveaim_rel30_pitch0_30_r2_20260902_154757.log"
"v4i","positive","False","startup takeover gate never passed",,,,,"false","30.7",,,"25","23.4","30.7","logs/drive_aim_v4i_ai_window10_positive_20260902_tongji_tongji_outpost_converged_oneface16_driveaim_rel30_pitch0_30_r3_20260902_154856.log"
"v4i","positive","True","valid","PARTIAL","22","30","0.733","true","0.5",,,"24","23.2","0.5","logs/drive_aim_v4i_ai_window10_positive_20260902_tongji_tongji_outpost_converged_oneface16_driveaim_rel30_pitch0_30_r4_20260902_155005.log"
"v4i","positive","True","valid","PARTIAL","23","30","0.767","true","1.5",,,"21","14.4","1.5","logs/drive_aim_v4i_ai_window10_positive_20260902_tongji_tongji_outpost_converged_oneface16_driveaim_rel30_pitch0_30_r5_20260902_155110.log"
"v4j","positive","True","valid","PARTIAL","20","30","0.667","true","0.2",,,"22","19.1","0.2","logs/drive_aim_v4j_powered_reclaim_positive_20260902_tongji_tongji_outpost_converged_oneface16_driveaim_rel30_pitch0_30_r1_20260902_155316.log"
"v4j","positive","True","valid","PARTIAL","17","30","0.567","true","0",,,"22","19.6","0","logs/drive_aim_v4j_powered_reclaim_positive_20260902_tongji_tongji_outpost_converged_oneface16_driveaim_rel30_pitch0_30_r2_20260902_155410.log"
"v4j","positive","False","startup takeover gate never passed",,,,,"false","4.9",,,"21","30.9","4.9","logs/drive_aim_v4j_powered_reclaim_positive_20260902_tongji_tongji_outpost_converged_oneface16_driveaim_rel30_pitch0_30_r3_20260902_155506.log"
"v4j","positive","True","valid","PARTIAL","17","30","0.567","true","0.3",,,"25","18.9","0.3","logs/drive_aim_v4j_powered_reclaim_positive_20260902_tongji_tongji_outpost_converged_oneface16_driveaim_rel30_pitch0_30_r4_20260902_155610.log"
"v4j","positive","False","startup takeover gate never passed",,,,,"false","4.9",,,"20","29.2","4.9","logs/drive_aim_v4j_powered_reclaim_positive_20260902_tongji_tongji_outpost_converged_oneface16_driveaim_rel30_pitch0_30_r5_20260902_155707.log"
"v4k","negative","False","startup takeover gate never passed",,,,,"true","1.5",,,"22","21","1.5","logs/drive_aim_v4k_integral_bias_negative_20260902_tongji_tongji_outpost_converged_oneface16_driveaim_rel30_pitch0_30_r1_20260902_161028.log"
"v4k","negative","True","valid","PARTIAL","22","30","0.733","true","0.3",,,"23","20.3","0.3","logs/drive_aim_v4k_integral_bias_negative_20260902_tongji_tongji_outpost_converged_oneface16_driveaim_rel30_pitch0_30_r2_20260902_161124.log"
"v4k","negative","True","valid","PARTIAL","24","30","0.8","true","0.5",,,"24","20.1","0.5","logs/drive_aim_v4k_integral_bias_negative_20260902_tongji_tongji_outpost_converged_oneface16_driveaim_rel30_pitch0_30_r3_20260902_161220.log"
"v4k","positive","True","valid","PARTIAL","25","30","0.833","true","1.2",,,"21","30.4","1.2","logs/drive_aim_v4k_integral_bias_positive_20260902_tongji_tongji_outpost_converged_oneface16_driveaim_rel30_pitch0_30_r1_20260902_160402.log"
"v4k","positive","True","valid","PARTIAL","23","30","0.767","true","0.3",,,"24","30.5","0.3","logs/drive_aim_v4k_integral_bias_positive_20260902_tongji_tongji_outpost_converged_oneface16_driveaim_rel30_pitch0_30_r2_20260902_160456.log"
"v4k","positive","True","valid","PARTIAL","17","30","0.567","true","1.5",,,"25","30.8","1.5","logs/drive_aim_v4k_integral_bias_positive_20260902_tongji_tongji_outpost_converged_oneface16_driveaim_rel30_pitch0_30_r3_20260902_160552.log"
"v4k","positive","True","valid","PARTIAL","18","30","0.6","true","0",,,"24","30.7","0","logs/drive_aim_v4k_integral_bias_positive_20260902_tongji_tongji_outpost_converged_oneface16_driveaim_rel30_pitch0_30_r4_20260902_160650.log"
"v4k","positive","True","valid","PARTIAL","23","30","0.767","true","0.2",,,"20","32","0.2","logs/drive_aim_v4k_integral_bias_positive_20260902_tongji_tongji_outpost_converged_oneface16_driveaim_rel30_pitch0_30_r5_20260902_160747.log"
"v4l","negative","True","valid","PARTIAL","2","30","0.067","true","2.4","-1.3",,"22","18.6","2.4","logs/drive_aim_v4l_bias_propagation_negative_20260902_tongji_tongji_outpost_converged_oneface16_driveaim_rel30_pitch0_30_r1_20260902_161759.log"
"v4l","negative","True","valid","PARTIAL","25","30","0.833","true","0.5","-0.1",,"23","28.4","0.5","logs/drive_aim_v4l_bias_propagation_negative_20260902_tongji_tongji_outpost_converged_oneface16_driveaim_rel30_pitch0_30_r2_20260902_161902.log"
"v4l","negative","False","startup takeover gate never passed",,,,,"true","1.6","8.4",,"23","28.7","1.6","logs/drive_aim_v4l_bias_propagation_negative_20260902_tongji_tongji_outpost_converged_oneface16_driveaim_rel30_pitch0_30_r3_20260902_161959.log"
"v4l","negative","False","startup takeover gate never passed",,,,,"true","1.3","-1.6",,"24","19.6","1.3","logs/drive_aim_v4l_bias_propagation_negative_20260902_tongji_tongji_outpost_converged_oneface16_driveaim_rel30_pitch0_30_r4_20260902_162055.log"
"v4l","negative","True","valid","PARTIAL","24","30","0.8","true","0.1","0.2",,"22","17.7","0.1","logs/drive_aim_v4l_bias_propagation_negative_20260902_tongji_tongji_outpost_converged_oneface16_driveaim_rel30_pitch0_30_r5_20260902_162154.log"
"v4m","negative","True","valid","PARTIAL","27","30","0.9","true","0.3","-1.1",,"22","18.5","0.3","logs/drive_aim_v4m_arrival_proof_negative_20260902_tongji_tongji_outpost_converged_oneface16_driveaim_rel30_pitch0_30_r1_20260902_162605.log"
"v4m","negative","False","turret did not settle at outpost bootstrap pose target=(-83.7,10.0) actual=(-79.9,10.0)",,,,,"true","1.7","8.7",,"22","18.4","1.7","logs/drive_aim_v4m_arrival_proof_negative_20260902_tongji_tongji_outpost_converged_oneface16_driveaim_rel30_pitch0_30_r2_20260902_162659.log"
"v4m","negative","False","turret did not settle at outpost bootstrap pose target=(-81.9,10.0) actual=(-78.4,10.0)",,,,,"true","1.6","8.4",,"22","29.8","1.6","logs/drive_aim_v4m_arrival_proof_negative_20260902_tongji_tongji_outpost_converged_oneface16_driveaim_rel30_pitch0_30_r3_20260902_162754.log"
"v4m","negative","False","startup takeover gate never passed",,,,,"false","62.7","0",,"23","19.6","62.7","logs/drive_aim_v4m_arrival_proof_negative_20260902_tongji_tongji_outpost_converged_oneface16_driveaim_rel30_pitch0_30_r4_20260902_162849.log"
"v4m","negative","True","valid","PARTIAL","26","30","0.867","true","1.5","-1",,"22","18.4","1.5","logs/drive_aim_v4m_arrival_proof_negative_20260902_tongji_tongji_outpost_converged_oneface16_driveaim_rel30_pitch0_30_r5_20260902_162957.log"
"v4n","negative","False","zero_shots","PARTIAL","0","0","0","true","1.5","8.6",,"22","17.9","1.5","logs/drive_aim_v4n_bootstrap_integral_negative_20260902_tongji_tongji_outpost_converged_oneface16_driveaim_rel30_pitch0_30_r1_20260902_163307.log"
"v4n","negative","True","valid","PARTIAL","28","30","0.933","true","0.1","0.4",,"22","15.2","0.1","logs/drive_aim_v4n_bootstrap_integral_negative_20260902_tongji_tongji_outpost_converged_oneface16_driveaim_rel30_pitch0_30_r2_20260902_163504.log"
"v4n","negative","True","valid","PARTIAL","22","30","0.733","true","1","4",,"23","15.9","1","logs/drive_aim_v4n_bootstrap_integral_negative_20260902_tongji_tongji_outpost_converged_oneface16_driveaim_rel30_pitch0_30_r3_20260902_163558.log"
"v4n","negative","True","valid","PARTIAL","24","30","0.8","true","1.1","-0.4",,"22","18.8","1.1","logs/drive_aim_v4n_bootstrap_integral_negative_20260902_tongji_tongji_outpost_converged_oneface16_driveaim_rel30_pitch0_30_r4_20260902_163655.log"
"v4n","negative","False","zero_shots","PARTIAL","0","0","0","true","0.1","8.9",,"20","19.8","0.1","logs/drive_aim_v4n_bootstrap_integral_negative_20260902_tongji_tongji_outpost_converged_oneface16_driveaim_rel30_pitch0_30_r5_20260902_163749.log"
"v4o","negative","False","zero_shots","PARTIAL","0","0","0","true","1.7","8.5",,"20","18.5","1.7","logs/drive_aim_v4o_final_approach_negative_20260902_tongji_tongji_outpost_converged_oneface16_driveaim_rel30_pitch0_30_r1_20260902_164106.log"
"v4o","negative","False","zero_shots","PARTIAL","0","0","0","true","1.5","8.8",,"22","18.3","1.5","logs/drive_aim_v4o_final_approach_negative_20260902_tongji_tongji_outpost_converged_oneface16_driveaim_rel30_pitch0_30_r2_20260902_164301.log"
"v4o","negative","True","valid","PARTIAL","23","30","0.767","true","0.2","-2.6",,"23","25.6","0.2","logs/drive_aim_v4o_final_approach_negative_20260902_tongji_tongji_outpost_converged_oneface16_driveaim_rel30_pitch0_30_r3_20260902_164458.log"
"v4o","negative","False","zero_shots","PARTIAL","0","0","0","true","0.3","0.3",,"21","17.4","0.3","logs/drive_aim_v4o_final_approach_negative_20260902_tongji_tongji_outpost_converged_oneface16_driveaim_rel30_pitch0_30_r4_20260902_164555.log"
"v4o","negative","True","valid","PARTIAL","23","30","0.767","true","0.1","-0.6",,"20","20.9","0.1","logs/drive_aim_v4o_final_approach_negative_20260902_tongji_tongji_outpost_converged_oneface16_driveaim_rel30_pitch0_30_r5_20260902_164749.log"
"v4p","negative","True","valid","PARTIAL","22","30","0.733","true","1.5","8.8",,"24","7.1","1.5","logs/drive_aim_v4p_control_integral_negative_20260902_tongji_tongji_outpost_converged_oneface16_driveaim_rel30_pitch0_30_r1_20260902_165013.log"
"v4p","negative","True","valid","PARTIAL","23","30","0.767","true","1.5","9",,"20","18","1.5","logs/drive_aim_v4p_control_integral_negative_20260902_tongji_tongji_outpost_converged_oneface16_driveaim_rel30_pitch0_30_r2_20260902_165110.log"
"v4p","negative","False","startup takeover gate never passed",,,,,"false","19.1","0",,"23","6.9","19.1","logs/drive_aim_v4p_control_integral_negative_20260902_tongji_tongji_outpost_converged_oneface16_driveaim_rel30_pitch0_30_r3_20260902_165244.log"
"v4p","negative","True","valid","PARTIAL","18","30","0.6","true","1.1","-0.6",,"20","21.1","1.1","logs/drive_aim_v4p_control_integral_negative_20260902_tongji_tongji_outpost_converged_oneface16_driveaim_rel30_pitch0_30_r4_20260902_165351.log"
"v4p","negative","True","valid","PARTIAL","24","30","0.8","true","1.5","8.8",,"21","17.2","1.5","logs/drive_aim_v4p_control_integral_negative_20260902_tongji_tongji_outpost_converged_oneface16_driveaim_rel30_pitch0_30_r5_20260902_165445.log"
"v4q","negative","True","valid","PARTIAL","20","30","0.667","true","1.8","-2.2","false","19","19.3","1.8","logs/drive_aim_v4q_centered_handoff_negative_20260902_tongji_tongji_outpost_converged_oneface16_driveaim_rel30_pitch0_30_r1_20260902_165756.log"
"v4q","negative","True","valid","PARTIAL","27","30","0.9","true","0","0","true","22","7.4","0","logs/drive_aim_v4q_centered_handoff_negative_20260902_tongji_tongji_outpost_converged_oneface16_driveaim_rel30_pitch0_30_r2_20260902_165850.log"
"v4q","negative","True","valid","PARTIAL","25","30","0.833","true","0.1","-0","true","19","8.5","0.1","logs/drive_aim_v4q_centered_handoff_negative_20260902_tongji_tongji_outpost_converged_oneface16_driveaim_rel30_pitch0_30_r3_20260902_165943.log"
"v4q","negative","True","valid","PARTIAL","25","30","0.833","true","0.1","0","true","19","21.2","0.1","logs/drive_aim_v4q_centered_handoff_negative_20260902_tongji_tongji_outpost_converged_oneface16_driveaim_rel30_pitch0_30_r4_20260902_170035.log"
"v4q","negative","True","valid","PARTIAL","23","30","0.767","true","0.2","-3.2","false","22","35.2","0.2","logs/drive_aim_v4q_centered_handoff_negative_20260902_tongji_tongji_outpost_converged_oneface16_driveaim_rel30_pitch0_30_r5_20260902_170127.log"
"v4q","positive","True","valid","PARTIAL","23","30","0.767","true","0.1","-0","true","19","8.3","0.1","logs/drive_aim_v4q_centered_handoff_positive_20260902_tongji_tongji_outpost_converged_oneface16_driveaim_rel30_pitch0_30_r1_20260902_170307.log"
"v4q","positive","True","valid","PARTIAL","21","30","0.7","true","0","-0.1","true","23","7.1","0","logs/drive_aim_v4q_centered_handoff_positive_20260902_tongji_tongji_outpost_converged_oneface16_driveaim_rel30_pitch0_30_r2_20260902_170359.log"
"v4q","positive","True","valid","PARTIAL","23","30","0.767","true","0","-0.1","true","20","7.6","0","logs/drive_aim_v4q_centered_handoff_positive_20260902_tongji_tongji_outpost_converged_oneface16_driveaim_rel30_pitch0_30_r3_20260902_170453.log"
"v4q","positive","True","valid","PARTIAL","23","30","0.767","true","0","-0","true","21","17.3","0","logs/drive_aim_v4q_centered_handoff_positive_20260902_tongji_tongji_outpost_converged_oneface16_driveaim_rel30_pitch0_30_r4_20260902_170545.log"
"v4q","positive","True","valid","PARTIAL","18","30","0.6","true","0","0.1","true","22","15.4","0","logs/drive_aim_v4q_centered_handoff_positive_20260902_tongji_tongji_outpost_converged_oneface16_driveaim_rel30_pitch0_30_r5_20260902_170638.log"
